"home_manager_id","away_manager_id","date_id","home_nation_id","away_nation_id","round","attendance","home_score","away_score","home_xg","away_xg","home_penalty","away_penalty","n_home_yellow_card","n_home_red_card","n_away_yellow_card","n_away_red_card","n_home_penalty_miss","n_away_penalty_miss","n_home_penalty_goal","n_away_penalty_goal"
226,78,1,3,28,Final,88966,3,3,3.30,2.20,4,2,5,0,3,0,0,0,1,2
371,149,2,18,48,Third-place match,44137,2,1,0.70,1.20,,,0,0,2,0,0,0,0,0
78,149,3,28,48,Semi-finals,68294,2,0,2.00,0.90,,,0,0,1,0,0,0,0,0
226,371,4,3,18,Semi-finals,88966,3,0,2.30,0.50,,,2,0,2,0,0,0,1,0
149,97,5,48,58,Quarter-finals,44198,1,0,1.40,0.90,,,2,1,1,0,0,0,0,0
107,78,5,27,28,Quarter-finals,68895,1,2,2.40,0.90,,,1,0,3,0,1,0,1,0
371,346,6,18,9,Quarter-finals,43893,1,1,0.60,2.50,4,2,2,0,3,0,0,0,0,0
228,226,6,49,3,Quarter-finals,88235,2,2,0.60,1.90,3,4,7,1,10,0,0,0,0,1
149,232,7,48,71,Round of 16,44667,0,0,0.70,1.00,3,0,1,0,1,0,0,0,0,0
97,263,7,58,73,Round of 16,83720,6,1,2.30,1.20,,,0,0,2,0,0,0,0,0
131,371,8,43,18,Round of 16,42523,1,1,1.20,1.40,1,3,0,0,2,0,0,0,0,0
346,291,8,9,45,Round of 16,43847,4,1,3.60,0.50,,,0,0,1,0,0,0,1,0
78,71,9,28,57,Round of 16,40989,3,1,1.40,1.70,,,1,0,2,0,0,0,0,1
107,20,9,27,65,Round of 16,65985,3,0,1.00,0.80,,,0,0,1,0,0,0,0,0
228,122,10,49,80,Round of 16,44846,3,1,1.70,1.50,,,2,0,0,0,0,0,0,0
226,121,10,3,4,Round of 16,45032,2,1,1.60,0.60,,,0,0,2,0,0,0,0,0
333,97,11,45,58,Group stage,44097,2,1,1.70,1.30,,,2,0,0,0,0,0,0,0
283,79,11,31,81,Group stage,43443,0,2,1.60,1.80,,,2,0,5,0,1,0,0,0
314,346,11,11,9,Group stage,85986,1,0,0.50,2.50,,,4,1,2,0,0,0,0,0
83,263,11,66,73,Group stage,41378,2,3,1.30,2.70,,,7,0,4,0,0,0,0,0
176,149,12,12,48,Group stage,43102,1,2,1.40,0.50,,,4,0,0,0,0,0,0,0
371,318,12,18,6,Group stage,43984,0,0,0.70,3.00,,,0,0,1,0,0,0,0,0
233,132,12,16,29,Group stage,67054,2,4,1.30,5.70,,,1,0,0,0,0,0,0,0
131,232,12,43,71,Group stage,44851,2,1,1.40,1.00,,,3,0,0,0,0,0,0,0
121,214,13,4,23,Group stage,41232,1,0,0.60,0.60,,,2,0,1,0,0,0,0,0
164,78,13,76,28,Group stage,43627,1,0,0.50,0.80,,,1,0,0,0,0,0,0,0
146,343,13,63,47,Group stage,84985,1,2,1.10,2.30,,,6,0,1,0,0,0,0,0
71,226,13,57,3,Group stage,44089,0,2,0.30,3.50,,,1,0,1,0,0,1,0,0
125,20,14,24,65,Group stage,44569,1,2,0.90,2.10,,,0,0,1,0,0,0,0,1
228,94,14,49,59,Group stage,66784,2,0,1.60,0.10,,,1,0,0,0,0,0,0,0
59,122,14,36,80,Group stage,42127,0,1,0.40,1.20,,,3,0,1,0,0,0,0,0
316,107,14,82,27,Group stage,44297,0,3,0.30,2.40,,,2,0,0,0,0,0,0,0
314,83,15,11,66,Group stage,39789,3,3,2.20,1.90,,,2,0,2,0,0,0,0,0
291,283,15,45,31,Group stage,43983,2,3,1.80,1.60,,,2,1,2,0,0,0,0,0
346,263,15,9,73,Group stage,43649,1,0,1.00,0.30,,,1,0,1,0,0,0,0,0
97,79,15,58,81,Group stage,88668,2,0,1.30,1.30,,,3,0,2,0,0,0,1,0
131,233,16,43,16,Group stage,41479,0,1,0.90,0.10,,,3,0,3,0,0,0,0,0
318,149,16,6,48,Group stage,43738,0,2,1.00,1.50,,,1,0,1,0,0,0,0,0
371,176,16,18,12,Group stage,44374,4,1,2.60,0.40,,,2,0,2,0,0,0,0,0
232,132,16,71,29,Group stage,68895,1,1,0.60,1.30,,,1,0,3,0,0,0,0,0
164,121,17,76,4,Group stage,41823,0,1,0.90,0.60,,,3,0,0,0,0,0,0,0
71,146,17,57,63,Group stage,44259,2,0,1.60,1.70,,,3,0,2,0,0,1,0,0
78,214,17,28,23,Group stage,42860,2,1,2.40,0.60,,,1,0,2,0,0,0,0,0
226,343,17,3,47,Group stage,88966,2,0,0.30,0.30,,,1,0,4,0,0,0,0,0
316,59,18,82,36,Group stage,40875,0,2,0.90,1.40,,,1,1,2,0,0,0,0,0
94,20,18,59,65,Group stage,41797,1,3,1.00,0.80,,,3,0,3,0,0,0,0,0
228,125,18,49,24,Group stage,44833,1,1,0.10,1.70,,,0,0,1,0,0,0,0,0
107,122,18,27,80,Group stage,68463,0,0,0.80,0.60,,,0,0,0,0,0,0,0,0
263,314,19,73,11,Group stage,39089,1,0,1.40,0.70,,,2,0,1,0,0,0,0,0
79,291,19,81,45,Group stage,41663,0,0,0.60,0.60,,,1,0,2,0,0,0,0,0
97,283,19,58,31,Group stage,42662,3,2,2.00,0.90,,,2,0,4,0,0,0,1,0
346,83,19,9,66,Group stage,88103,2,0,2.40,0.20,,,0,0,3,0,0,0,0,0
149,371,20,48,18,Group stage,59407,0,0,0.40,0.50,,,1,0,0,0,0,0,0,0
132,131,20,29,43,Group stage,42608,1,2,3.10,1.50,,,0,0,0,0,0,0,1,0
232,233,20,71,16,Group stage,40013,7,0,3.50,0.00,,,0,0,2,0,0,0,1,0
318,176,20,6,12,Group stage,40432,1,0,0.80,2.40,,,3,0,2,0,0,1,0,0
226,146,21,3,63,Group stage,88012,1,2,2.20,0.10,,,0,0,6,0,0,0,1,0
214,164,21,23,76,Group stage,42925,0,0,1.40,0.90,,,2,0,1,0,0,0,0,0
343,71,21,47,57,Group stage,39369,0,0,0.70,0.90,,,2,0,1,0,0,1,0,0
78,121,21,28,4,Group stage,40875,4,1,4.00,0.50,,,0,0,3,0,0,0,0,0
107,59,22,27,36,Group stage,45334,6,2,2.10,1.40,,,0,0,2,0,0,0,0,1
20,228,22,65,49,Group stage,41721,0,2,0.90,0.70,,,2,0,1,0,0,0,0,0
122,316,22,80,82,Group stage,43418,1,1,0.80,1.50,,,4,0,2,0,0,0,0,1
94,125,23,59,24,Group stage,67372,0,2,0.30,1.20,,,4,0,2,0,0,0,0,1
78,371,24,28,18,Final,78011,4,2,1.10,1.10,,,2,0,1,0,0,0,1,0
318,107,25,6,27,Third-place match,64406,2,0,1.50,1.00,,,1,0,2,0,0,0,0,0
371,107,26,18,27,Semi-finals,78011,2,1,1.70,0.60,,,2,0,1,0,0,0,0,0
78,318,27,28,6,Semi-finals,64286,1,0,1.70,0.40,,,2,0,3,0,0,0,0,0
167,107,28,72,27,Quarter-finals,39991,0,2,0.50,1.00,,,2,0,1,0,0,0,0,0
337,371,28,62,18,Quarter-finals,44287,2,2,1.00,1.70,3,4,1,0,4,0,0,0,0,0
281,78,29,81,28,Quarter-finals,43319,0,2,0.90,0.50,,,2,0,2,0,0,0,0,0
346,318,29,9,6,Quarter-finals,42873,1,2,2.80,0.50,,,2,0,2,0,0,0,0,0
167,359,30,72,73,Round of 16,64042,1,0,1.30,0.70,,,1,0,2,1,0,0,0,0
185,107,30,15,27,Round of 16,44190,1,1,0.60,2.10,3,4,6,0,2,0,0,0,0,1
346,201,31,9,47,Round of 16,41970,2,0,2.70,0.70,,,2,0,4,0,0,0,0,0
318,8,31,6,43,Round of 16,41466,3,2,2.50,0.70,,,0,0,1,0,0,0,0,0
342,289,32,43,11,Group stage,30620,1,0,,,,,1,0,1,0,0,0,0,0
95,337,33,71,62,Round of 16,78011,1,1,1.80,1.00,3,4,1,0,2,0,0,0,0,1
371,6,33,18,23,Round of 16,40851,1,1,2.50,0.90,3,2,0,0,1,0,1,0,0,0
78,179,34,28,3,Round of 16,42873,4,3,2.20,0.80,,,3,0,5,0,0,0,1,0
281,97,34,81,58,Round of 16,44287,2,1,0.60,1.00,,,0,0,1,0,0,0,0,0
8,3,35,43,57,Group stage,42189,0,1,0.70,1.40,,,1,0,0,0,0,0,0,0
20,185,35,65,15,Group stage,41970,0,1,0.50,0.30,,,1,0,1,0,0,0,0,0
107,318,35,27,6,Group stage,33973,0,1,0.90,1.30,,,0,0,2,0,0,0,0,0
145,264,35,54,76,Group stage,37168,1,2,0.60,2.10,,,3,0,3,0,0,0,0,0
334,172,36,45,29,Group stage,41835,2,0,1.70,2.70,,,4,0,0,0,0,0,0,0
201,167,36,47,72,Group stage,33061,0,3,1.40,2.40,,,3,0,2,0,0,0,0,1
359,280,36,73,16,Group stage,43319,2,2,1.40,1.50,,,3,0,3,0,0,1,0,0
260,346,36,66,9,Group stage,44190,0,2,0.80,1.40,,,3,0,0,0,0,0,0,0
41,311,37,4,56,Group stage,44073,0,2,0.90,0.20,,,4,0,2,0,0,0,0,0
6,78,37,23,28,Group stage,78011,0,0,0.20,0.40,,,1,0,0,0,0,0,0,0
135,371,37,37,18,Group stage,43472,1,2,2.10,0.70,,,3,0,2,0,0,0,1,0
118,179,37,51,3,Group stage,64468,1,2,1.40,0.90,,,2,0,3,0,0,0,1,0
198,133,38,63,25,Group stage,36823,2,1,2.60,0.80,,,0,0,2,0,1,0,1,0
281,337,38,81,62,Group stage,41970,3,0,2.40,0.10,,,1,0,2,1,0,0,0,0
95,146,38,71,48,Group stage,33973,2,2,2.90,1.20,,,0,0,6,0,0,0,0,0
59,97,38,36,58,Group stage,41685,1,1,1.40,1.30,,,2,0,4,0,0,1,1,0
107,145,39,27,54,Group stage,43319,6,1,2.80,1.10,,,1,0,3,0,0,0,2,0
8,20,39,43,65,Group stage,32572,2,2,0.90,1.40,,,2,0,3,0,0,0,0,0
3,185,39,57,15,Group stage,42873,0,3,1.10,2.10,,,2,0,0,0,0,0,0,0
318,264,40,6,76,Group stage,44190,5,2,5.20,1.10,,,0,0,1,0,0,0,1,0
334,201,40,45,47,Group stage,43472,1,2,0.90,1.90,,,4,0,0,0,0,0,0,1
241,117,32,41,55,Group stage,62869,1,1,,,,,1,0,1,0,0,0,0,0
172,167,40,29,72,Group stage,44287,2,1,1.40,0.90,,,1,1,2,0,0,0,0,0
346,280,41,9,16,Group stage,64468,2,0,2.60,0.10,,,2,0,1,0,0,0,0,0
118,135,41,51,37,Group stage,40904,2,0,0.90,1.30,,,1,0,0,0,0,1,0,0
260,359,41,66,73,Group stage,33167,1,2,1.50,2.10,,,4,0,1,0,0,0,0,0
6,41,42,23,4,Group stage,40727,1,1,0.80,1.30,,,2,0,0,0,0,0,0,1
78,311,42,28,56,Group stage,32789,1,0,2.00,0.40,,,2,0,2,0,0,0,0,0
179,371,42,3,18,Group stage,43319,0,3,1.30,1.90,,,3,0,4,0,0,0,0,0
97,146,43,58,48,Group stage,78011,1,0,1.20,0.90,,,1,0,1,0,0,0,0,0
281,198,43,81,63,Group stage,42678,1,0,1.70,0.30,,,0,0,0,0,0,0,0,0
59,95,43,36,71,Group stage,42718,0,1,0.70,1.90,,,2,0,0,0,0,0,0,0
185,8,44,15,43,Group stage,40842,1,2,1.00,2.00,,,2,1,1,0,0,0,0,1
3,20,44,57,65,Group stage,44190,1,2,0.80,1.00,,,1,0,2,0,0,0,0,0
337,133,44,62,25,Group stage,64468,3,1,1.20,1.40,,,1,0,1,0,0,0,0,1
167,334,45,72,45,Group stage,42300,1,0,2.30,0.30,,,1,0,2,0,0,0,1,0
318,145,45,6,54,Group stage,43257,3,0,2.00,0.50,,,3,0,5,0,0,0,0,0
264,107,45,76,27,Group stage,41064,1,2,1.00,2.80,,,0,0,1,0,0,0,1,0
280,260,46,16,66,Group stage,41432,0,1,0.90,0.90,,,2,0,2,0,0,0,0,0
172,201,46,29,47,Group stage,78011,0,1,1.40,1.30,,,2,0,2,0,0,0,0,0
346,359,46,9,73,Group stage,43109,1,1,2.20,0.90,,,1,0,3,0,0,0,0,0
78,41,47,28,4,Group stage,41279,2,1,1.30,1.00,,,1,0,3,0,0,0,1,1
179,135,47,3,37,Group stage,44190,1,1,1.90,1.00,,,0,0,0,0,1,0,0,0
311,6,47,56,23,Group stage,40502,0,1,1.70,1.00,,,1,0,2,0,1,0,0,0
371,118,47,18,51,Group stage,31136,2,0,1.50,0.70,,,2,0,1,0,0,0,1,0
133,281,48,25,81,Group stage,27015,0,1,0.30,1.60,,,2,0,0,0,0,0,0,0
146,59,48,48,36,Group stage,62548,0,1,0.70,1.00,,,1,0,3,0,0,0,0,0
97,95,48,58,71,Group stage,43866,3,3,1.20,1.60,,,1,0,1,0,0,0,1,0
337,198,49,62,63,Group stage,78011,5,0,1.70,0.20,,,1,0,1,0,0,0,0,0
172,12,50,29,3,Final,74738,1,0,,,,,2,0,2,0,0,0,0,0
235,228,51,9,49,Third-place match,68034,0,3,,,,,3,0,2,0,0,0,0,1
228,12,52,49,3,Semi-finals,63267,0,0,,,2,4,2,0,1,0,0,0,0,0
235,172,53,9,29,Semi-finals,58141,1,7,,,,,1,0,0,0,0,0,0,0
12,240,54,3,6,Quarter-finals,68551,1,0,,,,,1,0,2,0,0,0,0,0
228,178,54,49,16,Quarter-finals,51179,0,0,,,4,3,2,0,4,0,0,0,0,0
78,172,55,28,29,Quarter-finals,74240,0,1,,,,,0,0,2,0,0,0,0,0
235,185,55,9,15,Quarter-finals,60342,2,1,,,,,2,0,2,0,0,0,0,1
12,282,56,3,73,Round of 16,63255,1,0,,,,,3,0,2,0,0,0,0,0
240,207,56,6,80,Round of 16,51227,2,1,,,,,1,0,1,0,0,0,0,0
78,339,57,28,51,Round of 16,67882,2,0,,,,,1,0,0,0,0,0,0,0
172,352,57,29,1,Round of 16,43063,2,1,,,,,1,0,1,0,0,0,0,0
228,252,58,49,47,Round of 16,58817,2,1,,,,,0,0,3,0,0,0,1,0
178,97,58,16,32,Round of 16,41242,1,1,,,5,3,5,1,2,0,0,0,0,0
235,179,59,9,13,Round of 16,57714,1,1,,,3,2,4,0,3,0,0,0,0,0
185,281,59,15,81,Round of 16,73804,2,0,,,,,1,0,3,0,0,0,0,0
207,172,60,80,29,Group stage,41876,0,1,,,,,2,0,1,0,0,0,0,0
291,220,60,58,31,Group stage,67540,2,1,,,,,1,0,3,0,0,0,0,0
151,240,60,45,6,Group stage,61397,0,1,,,,,1,0,1,1,0,0,0,0
352,92,60,1,62,Group stage,39311,1,1,,,,,3,0,2,0,0,0,0,0
327,59,61,8,36,Group stage,48011,3,1,,,,,1,0,1,0,0,0,0,0
339,12,61,51,3,Group stage,43285,2,3,,,,,2,0,0,0,0,0,0,0
234,282,61,34,73,Group stage,40322,0,3,,,,,1,0,0,0,0,0,0,0
309,78,61,24,28,Group stage,73749,0,0,,,,,1,1,0,0,0,0,0,0
178,322,62,16,27,Group stage,57823,0,0,,,,,1,0,2,0,0,0,0,0
63,281,62,41,81,Group stage,39706,0,1,,,,,2,1,2,0,0,0,0,0
11,185,62,43,15,Group stage,40340,1,4,,,,,1,0,1,0,0,0,0,1
97,326,62,32,17,Group stage,59095,2,1,,,,,0,0,3,0,0,0,1,0
27,75,63,4,71,Group stage,39375,0,3,,,,,2,0,1,0,0,0,0,0
300,248,64,1,68,Group stage,30325,0,1,,,,,2,1,1,0,0,0,0,0
228,179,63,49,13,Group stage,62996,2,0,,,,,1,0,1,0,0,0,0,0
267,252,63,18,47,Group stage,41212,1,3,,,,,1,1,2,0,0,0,0,0
362,235,63,11,9,Group stage,69112,1,4,,,,,3,0,0,0,0,0,0,0
240,92,65,6,62,Group stage,73819,1,0,,,,,2,0,1,0,0,0,0,0
151,352,65,45,1,Group stage,42732,2,4,,,,,2,0,1,0,0,0,0,0
207,291,65,80,58,Group stage,40123,2,2,,,,,1,0,0,0,0,0,0,0
12,59,66,3,36,Group stage,57698,1,0,,,,,0,0,2,0,0,0,0,0
172,220,66,29,31,Group stage,59621,2,2,,,,,0,0,1,0,0,0,0,0
339,327,66,51,8,Group stage,40499,1,0,,,,,1,0,1,0,0,0,0,0
63,178,67,41,16,Group stage,40285,0,1,,,,,1,0,1,0,0,0,0,0
282,78,67,73,28,Group stage,51003,2,5,,,,,0,0,1,0,0,1,0,0
234,309,67,34,24,Group stage,39224,1,2,,,,,2,0,3,0,0,0,0,0
185,326,68,15,17,Group stage,68748,2,1,,,,,0,0,2,0,0,0,0,0
281,322,68,81,27,Group stage,62575,2,1,,,,,1,0,1,0,0,0,0,0
11,97,68,43,32,Group stage,39485,0,0,,,,,1,0,3,1,0,0,0,0
27,228,69,4,49,Group stage,42877,2,3,,,,,1,0,1,0,0,0,1,0
75,179,69,71,13,Group stage,74101,0,2,,,,,1,0,2,0,0,0,0,0
362,267,69,11,18,Group stage,39982,0,4,,,,,0,1,1,0,0,0,0,0
240,352,70,6,1,Group stage,56800,2,1,,,,,1,0,1,0,0,0,0,1
235,252,70,9,47,Group stage,60342,0,0,,,,,2,0,2,0,0,0,0,0
92,151,70,62,45,Group stage,37603,1,1,,,,,1,0,3,0,0,0,0,0
172,291,71,29,58,Group stage,51081,4,0,,,,,0,0,1,1,0,0,1,0
59,339,71,36,51,Group stage,39081,0,0,,,,,1,0,0,0,0,0,0,0
220,207,71,31,80,Group stage,39760,1,2,,,,,2,0,0,0,0,0,0,0
282,309,72,73,24,Group stage,68351,2,1,,,,,1,0,1,0,0,0,0,0
78,234,72,28,34,Group stage,43012,3,0,,,,,3,0,3,1,0,0,1,0
12,327,72,3,8,Group stage,74738,2,1,,,,,1,0,1,0,0,0,0,0
185,97,73,15,32,Group stage,57174,3,0,,,,,1,0,2,0,0,0,0,0
281,178,73,81,16,Group stage,58679,1,3,,,,,3,1,0,0,0,0,1,0
322,63,73,27,41,Group stage,39800,1,2,,,,,1,0,0,0,0,0,0,0
326,11,73,17,43,Group stage,40267,2,1,,,,,2,0,2,0,0,0,0,0
252,362,74,47,11,Group stage,39216,1,0,,,,,1,0,1,0,0,0,0,0
302,257,64,66,31,Group stage,38833,0,1,,,,,2,1,2,0,0,0,0,1
75,228,74,71,49,Group stage,48173,1,5,,,,,1,0,3,0,0,0,1,0
179,27,74,13,4,Group stage,40275,3,1,,,,,1,0,3,0,0,0,0,0
235,267,75,9,18,Group stage,62103,3,1,,,,,2,0,2,0,0,0,1,0
41,356,76,49,71,Final,84490,0,1,,,,,8,1,5,0,0,0,0,0
281,172,77,81,29,Third-place match,36254,2,3,,,,,1,0,2,0,0,0,0,0
172,356,78,29,71,Semi-finals,60960,0,1,,,,,0,0,0,0,0,0,0,0
281,41,79,81,49,Semi-finals,62479,2,3,,,,,2,0,3,0,0,0,0,0
80,172,80,3,29,Quarter-finals,64100,0,4,,,,,2,0,1,0,0,0,0,0
117,356,80,55,71,Quarter-finals,55359,0,1,,,,,4,0,2,0,0,0,0,0
41,84,81,49,9,Quarter-finals,40186,2,1,,,,,4,0,1,0,0,0,0,0
281,257,81,81,31,Quarter-finals,84017,1,1,,,4,2,3,1,3,0,0,1,0,0
117,342,82,55,43,Round of 16,36742,0,0,,,5,3,1,0,4,0,0,0,0,0
356,59,82,71,58,Round of 16,62955,1,0,,,,,1,0,1,1,0,0,0,0
41,360,83,49,67,Round of 16,61962,2,1,,,,,2,0,2,0,0,0,0,1
84,242,83,9,13,Round of 16,54096,3,0,,,,,2,0,3,0,0,0,0,0
172,92,84,29,27,Round of 16,40510,4,1,,,,,1,0,1,0,0,0,0,0
80,168,84,3,47,Round of 16,84377,3,1,,,,,0,0,1,0,0,0,0,0
281,155,85,81,45,Round of 16,30597,2,1,,,,,0,0,3,0,0,0,0,0
47,257,85,80,31,Round of 16,34976,1,2,,,,,3,0,2,0,0,0,1,0
59,84,86,58,9,Group stage,62712,0,0,,,,,4,0,3,0,0,0,0,0
216,341,86,44,17,Group stage,34763,0,3,,,,,0,0,0,0,0,0,0,0
242,356,86,13,71,Group stage,41958,1,2,,,,,3,1,0,0,0,0,0,0
282,309,86,73,34,Group stage,28042,0,0,,,,,1,0,4,0,0,0,0,0
117,313,87,55,50,Group stage,34850,0,0,,,,,2,0,1,0,0,0,0,0
360,241,87,67,41,Group stage,53412,3,2,,,,,4,0,4,0,0,0,0,0
262,342,87,23,43,Group stage,27967,1,3,,,,,3,0,2,0,0,0,0,0
289,41,87,11,49,Group stage,63093,1,2,,,,,2,0,3,0,0,0,1,0
248,92,88,68,27,Group stage,36893,0,1,,,,,3,0,1,0,0,0,0,0
47,300,88,80,1,Group stage,35827,1,0,,,,,2,0,3,1,0,0,0,0
257,172,88,31,29,Group stage,83391,0,1,,,,,1,0,1,0,0,0,0,0
298,302,88,4,66,Group stage,37836,2,1,,,,,3,0,2,0,0,0,0,0
168,281,89,47,81,Group stage,33425,0,1,,,,,2,0,1,0,0,0,0,0
307,57,89,28,69,Group stage,39415,1,2,,,,,1,1,0,0,0,0,0,0
224,155,89,51,45,Group stage,61874,2,2,,,,,3,0,1,0,0,0,1,0
287,80,89,32,3,Group stage,38891,0,2,,,,,1,0,1,0,0,0,0,0
59,216,90,58,44,Group stage,63644,7,0,,,,,2,0,2,0,0,0,0,0
242,282,90,13,73,Group stage,34872,1,0,,,,,6,0,3,0,0,0,0,0
356,309,90,71,34,Group stage,54386,2,0,,,,,0,0,2,0,0,0,0,0
360,117,91,67,55,Group stage,26643,0,2,,,,,3,0,1,0,0,0,0,0
241,313,91,41,50,Group stage,38229,1,1,,,,,0,0,3,0,0,0,1,0
84,341,91,9,17,Group stage,84455,3,1,,,,,1,1,2,0,0,0,0,0
41,342,92,49,43,Group stage,62010,1,0,,,,,1,0,0,0,0,0,0,0
257,298,92,31,4,Group stage,34812,1,1,,,,,3,0,1,1,0,0,1,0
289,262,92,11,23,Group stage,38074,1,2,,,,,2,0,2,0,0,0,0,0
172,302,93,29,66,Group stage,38294,0,1,,,,,4,1,4,0,0,0,0,0
248,47,93,68,80,Group stage,45573,2,2,,,,,4,0,1,0,0,0,0,0
92,300,93,27,1,Group stage,64100,0,0,,,,,1,0,1,0,0,0,0,0
80,155,94,3,45,Group stage,82174,4,1,,,,,3,0,2,0,0,0,0,0
287,224,94,32,51,Group stage,31593,2,1,,,,,3,0,1,0,0,0,0,0
307,168,94,28,47,Group stage,35370,0,2,,,,,2,0,4,0,0,0,0,1
309,242,95,34,13,Group stage,32664,0,1,,,,,1,0,2,0,0,0,0,0
356,282,95,71,73,Group stage,62453,0,1,,,,,0,0,4,0,0,0,0,0
57,281,95,69,81,Group stage,42658,0,3,,,,,3,0,0,0,0,0,0,1
313,360,96,50,67,Group stage,23871,1,1,,,,,2,0,1,0,0,0,0,0
341,59,96,17,58,Group stage,37034,0,0,,,,,2,0,1,0,0,0,0,0
84,216,96,9,44,Group stage,54331,2,1,,,,,1,0,0,0,0,0,0,0
41,262,32,49,23,Group stage,83465,2,0,,,,,2,0,1,0,0,0,0,0
172,298,64,29,4,Group stage,62660,4,0,,,,,1,0,3,1,0,0,0,0
155,287,97,45,32,Group stage,31513,2,0,,,,,0,0,1,0,0,0,0,0
80,224,97,3,51,Group stage,55686,1,0,,,,,1,0,1,0,0,0,0,0
92,47,97,27,80,Group stage,38646,1,1,,,,,2,0,3,0,0,0,0,0
57,168,98,69,47,Group stage,84490,1,1,,,,,2,0,2,0,0,0,0,0
281,307,98,81,28,Group stage,64100,0,0,,,,,3,2,3,0,0,0,0,0
241,307,99,41,28,Final,69000,1,1,,,5,3,1,0,3,1,0,0,0,1
207,235,100,29,58,Third-place match,52000,3,1,,,,,2,0,3,0,0,0,0,0
235,307,101,58,28,Semi-finals,66000,0,1,,,,,1,0,1,0,0,0,0,1
207,241,102,29,41,Semi-finals,65000,0,2,,,,,2,0,1,0,0,0,0,0
341,235,103,27,58,Quarter-finals,52000,0,0,,,1,3,2,1,2,0,0,0,0,0
57,307,103,9,28,Quarter-finals,48000,0,1,,,,,4,0,3,0,0,0,0,0
207,185,104,29,3,Quarter-finals,72000,1,1,,,4,2,3,0,4,0,0,0,0,0
241,274,104,41,78,Quarter-finals,50000,3,0,,,,,0,0,3,0,0,0,0,0
57,305,105,9,31,Round of 16,65000,3,0,,,,,2,0,5,0,0,0,0,0
231,307,105,71,28,Round of 16,43000,1,3,,,,,1,0,3,0,0,0,1,0
241,127,106,41,4,Round of 16,46000,1,0,,,,,3,1,3,0,0,0,1,0
218,274,106,73,78,Round of 16,45000,0,0,,,0,3,1,0,0,0,0,0,0,0
341,233,107,27,24,Round of 16,52000,1,0,,,,,3,0,3,0,0,0,0,0
235,243,107,58,49,Round of 16,41000,1,0,,,,,7,2,5,2,0,0,0,0
207,224,108,29,72,Round of 16,66000,2,0,,,,,1,0,3,1,0,0,0,0
185,312,108,3,47,Round of 16,43000,2,1,,,,,2,0,4,0,0,0,0,0
245,231,109,63,71,Group stage,46000,0,1,,,,,2,0,3,0,0,0,0,0
274,320,109,78,76,Group stage,72000,1,0,,,,,4,0,3,1,0,0,1,0
286,307,109,74,28,Group stage,45000,0,2,,,,,3,0,1,0,0,0,0,0
218,76,109,73,45,Group stage,43000,2,0,,,,,5,0,5,0,0,0,0,0
305,55,110,31,80,Group stage,41000,2,1,,,,,4,0,1,0,0,0,1,0
209,241,110,20,41,Group stage,50000,0,2,,,,,1,1,1,0,0,0,0,0
370,57,110,43,9,Group stage,65000,1,4,,,,,1,0,1,0,0,0,0,0
372,127,110,18,4,Group stage,52000,2,2,,,,,4,2,1,1,0,0,0,1
235,312,111,58,47,Group stage,52000,2,1,,,,,4,0,4,1,0,0,1,0
54,275,111,36,2,Group stage,38000,1,1,,,,,3,0,3,0,0,0,0,0
140,157,111,17,66,Group stage,66000,3,2,,,,,3,1,4,1,0,0,2,0
243,185,111,49,3,Group stage,48000,0,0,,,,,3,0,2,0,0,0,0,0
15,294,112,16,57,Group stage,43000,1,2,,,,,5,0,5,0,0,0,0,0
233,207,112,24,29,Group stage,72000,0,3,,,,,1,0,1,0,0,0,0,0
30,225,112,55,75,Group stage,46000,2,0,,,,,2,0,2,0,0,0,0,0
224,341,112,72,27,Group stage,45000,2,2,,,,,2,0,1,0,0,0,0,0
286,218,113,74,73,Group stage,65000,0,2,,,,,4,0,0,0,0,0,0,0
245,274,113,63,78,Group stage,50000,0,4,,,,,3,0,3,0,0,0,0,0
231,320,113,71,76,Group stage,52000,3,1,,,,,2,0,6,0,0,0,1,0
370,372,114,43,18,Group stage,41000,0,0,,,,,3,0,2,0,0,0,0,0
57,127,114,9,4,Group stage,66000,2,0,,,,,3,0,2,0,0,0,0,0
307,76,114,28,45,Group stage,43000,1,1,,,,,2,0,2,0,0,0,0,0
235,54,115,58,36,Group stage,48000,2,0,,,,,3,0,4,0,0,0,1,0
209,305,115,20,31,Group stage,45000,0,2,,,,,1,1,6,0,0,0,0,0
241,55,115,41,80,Group stage,46000,1,1,,,,,2,1,1,2,0,0,0,0
185,157,116,3,66,Group stage,52000,6,0,,,,,1,0,3,1,0,0,0,0
243,140,116,49,17,Group stage,52000,2,1,,,,,4,0,3,0,0,0,0,0
312,275,116,47,2,Group stage,43000,0,0,,,,,1,0,4,1,0,0,0,0
233,15,117,24,16,Group stage,50000,3,0,,,,,3,0,2,0,0,0,0,0
341,225,117,27,75,Group stage,41000,2,0,,,,,1,0,5,0,0,0,0,0
224,30,117,72,55,Group stage,72000,1,0,,,,,3,0,5,0,0,0,0,0
231,274,118,71,78,Group stage,43000,4,0,,,,,0,0,2,1,0,0,1,0
320,245,118,76,63,Group stage,66000,2,2,,,,,4,0,0,0,0,0,0,0
207,294,118,29,57,Group stage,65000,1,0,,,,,3,0,3,1,0,0,0,0
76,286,119,45,74,Group stage,48000,2,1,,,,,2,0,3,1,0,0,0,0
307,218,119,28,73,Group stage,52000,0,0,,,,,3,0,5,0,0,0,0,0
57,372,119,9,18,Group stage,72000,1,0,,,,,1,0,3,0,0,0,0,0
127,370,120,4,43,Group stage,46000,3,1,,,,,4,0,3,0,0,0,0,0
55,209,120,80,20,Group stage,52000,0,3,,,,,2,0,4,0,0,0,0,0
241,305,120,41,31,Group stage,43000,2,0,,,,,3,0,2,0,0,0,0,0
157,243,121,66,49,Group stage,37216,0,1,,,,,4,0,2,0,0,0,0,0
312,54,121,47,36,Group stage,41000,3,1,,,,,2,0,1,0,0,0,0,0
275,235,121,2,58,Group stage,45000,0,1,,,,,3,0,2,0,0,0,0,0
341,30,122,27,55,Group stage,48000,1,0,,,,,2,0,1,0,0,0,0,0
225,224,122,75,72,Group stage,62959,0,0,,,,,2,1,1,0,0,0,0,0
185,140,122,3,17,Group stage,49480,2,1,,,,,3,0,2,0,0,0,0,0
207,15,123,29,16,Group stage,64950,4,2,,,,,0,0,1,0,0,0,0,0
294,233,123,57,24,Group stage,52000,0,2,,,,,1,0,2,0,0,0,0,0
323,235,124,29,9,Final,69029,0,2,,,,,1,0,1,0,0,0,0,0
127,330,125,45,77,Third-place match,63483,2,3,,,,,1,0,2,0,0,0,0,0
235,330,126,9,77,Semi-finals,61058,1,0,,,,,1,0,2,0,0,0,0,0
323,127,127,29,45,Semi-finals,65625,1,0,,,,,2,0,1,0,0,0,0,0
181,127,128,71,45,Quarter-finals,42114,0,0,,,3,5,2,0,1,0,0,0,0,0
56,330,128,65,77,Quarter-finals,44233,0,1,,,,,2,0,2,0,0,0,0,0
341,235,129,27,9,Quarter-finals,47436,1,2,,,,,2,0,0,1,0,0,0,0
323,55,129,29,80,Quarter-finals,37337,1,0,,,,,2,0,5,0,0,0,0,0
296,330,130,43,77,Round of 16,45666,0,1,,,,,1,0,3,0,0,0,0,0
127,119,130,45,41,Round of 16,38588,2,1,,,,,4,0,4,1,0,0,0,0
168,55,131,47,80,Round of 16,36380,0,2,,,,,5,1,5,0,0,0,0,0
235,317,131,9,6,Round of 16,40440,2,0,,,,,1,0,1,0,0,0,0,0
224,56,132,72,65,Round of 16,39747,1,2,,,,,0,0,2,0,0,0,0,0
181,251,132,71,60,Round of 16,38926,1,1,,,3,2,3,0,0,0,0,0,0,1
323,62,133,29,55,Round of 16,25176,1,0,,,,,3,0,2,1,0,0,0,0
262,341,133,23,27,Round of 16,40582,0,3,,,,,1,0,1,0,0,0,0,0
24,296,134,76,43,Group stage,45213,0,2,,,,,2,0,0,0,0,0,0,0
317,273,134,6,62,Group stage,46640,3,2,,,,,1,0,4,0,0,0,0,0
34,127,134,58,45,Group stage,50239,0,1,,,,,2,2,4,0,0,0,0,0
171,55,134,57,80,Group stage,26482,3,1,,,,,4,0,1,0,0,0,0,0
15,235,135,16,9,Group stage,38524,2,5,,,,,0,0,1,0,0,0,0,0
330,52,135,77,14,Group stage,43605,3,0,,,,,3,0,2,1,0,0,0,0
168,119,135,47,41,Group stage,39291,1,1,,,,,2,0,5,0,0,0,0,0
145,258,135,24,18,Group stage,65862,1,0,,,,,1,0,2,0,0,0,0,0
224,242,136,72,3,Group stage,45777,1,1,,,,,2,0,3,0,0,0,0,0
100,341,136,51,27,Group stage,44864,0,0,,,,,0,0,0,0,0,0,0,0
177,181,136,69,71,Group stage,31024,2,3,,,,,4,0,0,0,0,0,0,0
336,62,136,68,55,Group stage,30176,1,3,,,,,4,1,1,1,0,0,0,0
262,320,137,23,28,Group stage,48100,2,0,,,,,2,0,1,0,0,0,0,0
56,357,137,65,81,Group stage,33681,3,3,,,,,7,0,5,0,0,0,0,1
265,251,137,63,60,Group stage,65320,0,3,,,,,1,0,1,0,0,0,0,0
366,323,137,11,29,Group stage,47085,0,2,,,,,7,1,7,1,0,0,0,0
127,55,138,45,80,Group stage,60778,1,1,,,,,1,0,2,0,0,0,0,0
24,317,138,76,6,Group stage,39700,1,1,,,,,4,0,1,0,0,0,0,0
34,171,138,58,57,Group stage,31000,4,0,,,,,3,0,2,0,0,0,0,0
168,145,139,47,24,Group stage,45610,2,1,,,,,1,0,5,0,0,0,0,0
15,330,139,16,77,Group stage,42299,1,1,,,,,2,0,3,0,0,0,0,0
296,273,139,43,62,Group stage,66108,1,0,,,,,3,0,3,0,0,0,0,0
177,336,140,69,68,Group stage,47226,1,0,,,,,2,0,4,0,0,0,0,0
119,258,140,41,18,Group stage,36472,1,2,,,,,1,0,1,0,0,0,0,0
235,52,140,9,14,Group stage,36750,4,0,,,,,2,0,0,0,0,0,1,0
347,100,141,72,51,Group stage,36194,2,1,,,,,2,0,1,0,0,0,1,0
181,62,141,71,55,Group stage,24000,3,1,,,,,1,0,3,0,0,0,1,0
242,341,141,3,27,Group stage,35927,0,1,,,,,1,0,2,0,0,0,0,1
262,56,142,23,65,Group stage,43500,1,1,,,,,4,0,2,1,0,0,1,0
366,265,142,11,63,Group stage,52328,1,0,,,,,1,0,1,0,0,0,0,0
320,357,142,28,81,Group stage,38070,0,0,,,,,1,1,4,0,0,0,0,0
273,24,143,62,76,Group stage,30957,2,0,,,,,2,0,2,0,0,0,1,0
55,34,143,80,58,Group stage,37306,3,2,,,,,1,0,2,0,0,0,0,0
323,251,143,29,60,Group stage,35854,1,1,,,,,0,0,0,0,0,0,0,0
52,15,144,14,16,Group stage,27217,0,2,,,,,3,0,4,0,0,0,0,0
296,317,144,43,6,Group stage,55256,2,2,,,,,2,0,3,0,0,0,0,0
127,171,144,45,57,Group stage,48760,2,0,,,,,2,0,3,0,0,0,0,0
258,168,145,18,47,Group stage,32239,0,1,,,,,0,1,0,0,0,0,0,1
235,330,145,9,77,Group stage,33842,2,1,,,,,1,0,3,2,0,0,1,0
119,145,145,41,24,Group stage,31081,2,0,,,,,1,0,3,0,0,0,0,0
242,100,146,3,51,Group stage,34050,1,0,,,,,2,0,1,0,0,0,0,0
62,177,146,55,69,Group stage,25186,2,2,,,,,4,0,4,0,0,0,0,1
341,347,146,27,72,Group stage,52721,1,1,,,,,1,0,2,0,0,0,0,0
181,336,146,71,68,Group stage,28588,3,1,,,,,1,0,2,0,0,0,1,0
251,366,147,60,11,Group stage,33679,1,1,,,,,3,0,1,0,0,0,0,0
357,262,147,81,23,Group stage,30157,1,2,,,,,1,0,2,0,0,0,0,0
323,265,147,29,63,Group stage,32218,8,0,,,,,2,0,1,0,0,0,0,0
320,56,148,28,65,Group stage,62561,0,1,,,,,1,0,1,0,0,0,0,0
247,7,149,9,28,Final,80000,0,3,,,,,1,0,3,1,0,0,0,0
127,259,150,49,18,Third-place match,44000,1,2,,,,,2,0,4,0,0,0,0,0
7,259,151,28,18,Semi-finals,80000,2,1,,,,,0,1,3,0,0,0,0,0
247,127,152,9,49,Semi-finals,60000,1,1,,,4,2,2,0,4,0,0,0,0,0
127,72,153,49,3,Quarter-finals,60000,2,1,,,,,2,1,3,1,0,0,0,0
42,259,153,29,18,Quarter-finals,43300,0,3,,,,,2,1,2,0,0,0,0,0
62,7,154,41,28,Quarter-finals,80000,0,0,,,3,4,3,0,2,0,0,0,0,0
247,46,154,9,23,Quarter-finals,49500,3,2,,,,,3,0,3,0,0,0,0,0
29,259,155,61,18,Round of 16,31800,0,1,,,,,3,0,2,0,0,0,0,1
72,120,155,3,27,Round of 16,30600,2,2,,,4,3,4,0,2,1,0,0,1,1
42,239,156,29,47,Round of 16,29800,2,1,,,,,4,0,2,0,0,0,0,0
127,335,156,49,66,Round of 16,33000,2,1,,,,,0,0,3,0,0,0,0,0
7,292,157,28,55,Round of 16,31800,1,0,,,,,0,0,5,0,0,0,0,0
52,46,157,51,23,Round of 16,77000,1,4,,,,,1,0,1,0,0,0,0,0
62,86,158,41,53,Round of 16,55000,1,0,,,,,3,0,3,0,0,0,0,0
247,266,158,9,13,Round of 16,45500,4,1,,,,,2,0,2,0,0,0,1,0
72,259,159,3,18,Group stage,31800,1,0,,,,,3,0,4,0,0,0,0,0
342,310,159,43,42,Group stage,39100,1,2,,,,,1,0,2,0,0,0,0,0
29,19,159,61,76,Group stage,80000,1,1,,,,,0,0,2,0,0,0,0,1
145,120,159,15,27,Group stage,42000,0,2,,,,,3,0,2,0,0,0,0,0
127,239,160,49,47,Group stage,30600,2,2,,,,,2,0,4,1,0,0,0,0
115,217,160,6,45,Group stage,45500,1,1,,,,,1,0,4,0,0,0,0,0
340,335,160,80,66,Group stage,38500,0,1,,,,,1,0,2,0,0,0,0,0
42,163,160,29,36,Group stage,35500,2,0,,,,,2,0,1,0,0,0,0,0
296,261,161,69,63,Group stage,31800,2,2,,,,,2,0,1,0,0,0,1,2
7,46,161,28,23,Group stage,39100,2,1,,,,,2,0,2,0,0,0,1,1
169,152,161,71,10,Group stage,41275,6,1,,,,,2,0,2,0,0,0,1,0
52,292,161,51,55,Group stage,33400,1,3,,,,,2,0,0,0,0,0,0,0
62,143,162,41,5,Group stage,80000,2,1,,,,,1,0,4,0,0,0,0,1
266,65,162,13,11,Group stage,39500,1,1,,,,,4,0,1,2,0,0,0,0
247,86,162,9,53,Group stage,57000,1,2,,,,,0,0,2,0,0,0,0,1
70,140,162,64,48,Group stage,36000,0,3,,,,,1,1,1,0,0,0,0,0
145,142,163,15,76,Group stage,35500,1,0,,,,,1,0,3,0,0,0,0,0
29,120,163,61,27,Group stage,33140,2,1,,,,,4,0,0,0,0,0,0,0
42,335,164,29,66,Group stage,41275,2,2,,,,,1,0,0,0,0,0,0,0
72,310,164,3,42,Group stage,45500,5,0,,,,,1,0,2,1,0,0,1,0
340,163,164,80,36,Group stage,43300,1,2,,,,,1,0,2,0,0,0,0,0
342,259,165,43,18,Group stage,35500,0,1,,,,,3,0,2,0,0,0,0,0
115,239,165,6,47,Group stage,31800,2,2,,,,,1,1,2,1,0,0,0,1
127,64,165,49,45,Group stage,55000,5,0,,,,,0,0,2,0,0,0,0,0
52,152,166,51,10,Group stage,48000,1,0,,,,,4,0,2,0,0,0,0,0
169,292,166,71,55,Group stage,36000,0,0,,,,,2,0,2,0,0,0,0,0
296,46,167,69,23,Group stage,33500,1,1,,,,,4,1,3,2,0,0,0,0
7,57,167,28,63,Group stage,80000,4,0,,,,,2,1,2,1,0,0,0,0
266,143,168,13,5,Group stage,36000,1,1,,,,,4,0,1,0,0,0,0,0
62,65,168,41,11,Group stage,35500,3,0,,,,,2,0,4,1,0,0,0,0
70,86,169,64,53,Group stage,31800,1,1,,,,,2,0,2,0,0,0,0,0
247,140,169,9,48,Group stage,38500,3,0,,,,,2,0,2,0,0,0,0,0
120,142,170,27,76,Group stage,54587,2,0,,,,,1,0,3,0,0,0,0,0
29,145,170,61,15,Group stage,43300,1,0,,,,,3,0,1,0,0,0,0,0
42,340,170,29,80,Group stage,49000,2,0,,,,,3,0,2,0,0,0,0,0
72,342,171,3,43,Group stage,33500,1,0,,,,,0,0,3,0,0,0,0,0
335,163,171,66,36,Group stage,36000,1,0,,,,,2,0,0,0,0,0,0,0
310,259,171,42,18,Group stage,38100,1,3,,,,,1,0,2,0,0,0,0,0
169,52,172,71,51,Group stage,38000,2,3,,,,,3,0,1,0,0,0,0,0
64,239,172,45,47,Group stage,39100,1,3,,,,,1,1,2,0,0,0,0,0
127,115,172,49,6,Group stage,77000,0,0,,,,,0,1,2,0,0,0,0,0
292,152,173,55,10,Group stage,27650,0,0,,,,,1,0,3,1,0,0,0,0
57,46,173,63,23,Group stage,38100,0,1,,,,,1,0,3,0,0,0,0,0
7,296,173,28,69,Group stage,55000,3,0,,,,,3,0,1,0,0,0,0,0
62,266,174,41,13,Group stage,35200,2,2,,,,,2,0,3,0,0,0,1,0
65,143,174,11,5,Group stage,36500,1,1,,,,,1,0,1,0,0,0,0,0
247,70,175,9,64,Group stage,80000,2,1,,,,,2,0,1,0,0,0,0,1
140,86,175,48,53,Group stage,29750,2,2,,,,,1,0,0,0,0,0,0,0
57,35,176,9,41,Final,94194,0,0,,,3,2,2,0,2,0,0,0,0,0
348,81,177,72,10,Third-place match,91500,4,0,,,,,1,0,1,0,0,0,0,0
81,35,178,10,41,Semi-finals,74110,1,2,,,,,3,0,2,0,0,0,1,0
348,57,178,72,9,Semi-finals,91856,0,1,,,,,2,1,1,0,0,0,0,0
81,42,179,10,29,Quarter-finals,72000,2,1,,,,,3,0,5,0,0,0,0,1
29,348,179,61,72,Quarter-finals,83500,2,2,,,4,5,3,0,2,1,0,0,0,0
35,169,180,41,71,Quarter-finals,53400,2,1,,,,,0,0,2,0,0,0,0,0
76,57,180,49,9,Quarter-finals,63500,2,3,,,,,2,0,1,0,0,0,0,0
67,35,181,51,41,Round of 16,54367,1,2,,,,,4,0,5,1,0,0,0,1
253,81,181,47,10,Round of 16,71030,1,1,,,1,3,4,1,4,1,0,0,1,0
76,162,182,49,60,Round of 16,61355,2,0,,,,,1,0,0,0,0,0,0,0
57,52,182,9,80,Round of 16,84147,1,0,,,,,2,1,4,1,0,0,0,0
180,348,183,63,72,Round of 16,60277,1,3,,,,,1,0,3,0,0,0,0,0
29,17,183,61,3,Round of 16,90469,3,2,,,,,3,0,4,0,0,0,0,1
42,290,184,29,6,Round of 16,60246,3,2,,,,,2,0,1,0,0,0,0,0
169,322,184,71,73,Round of 16,53121,3,0,,,,,4,0,4,0,0,0,1,0
22,67,185,32,51,Group stage,53001,0,2,,,,,2,0,2,0,0,0,0,0
17,81,185,3,10,Group stage,63998,0,2,,,,,3,0,5,1,0,0,0,0
1,76,186,48,49,Group stage,60578,1,2,,,,,5,0,2,0,0,0,0,0
290,180,186,6,63,Group stage,52959,0,1,,,,,2,0,2,0,0,0,0,0
35,253,187,41,47,Group stage,52535,1,1,,,,,1,0,3,0,0,0,0,0
162,86,187,60,53,Group stage,72404,0,0,,,,,3,0,2,0,0,0,0,0
293,140,187,62,11,Group stage,74914,6,1,,,,,3,0,2,0,0,0,1,0
57,348,187,9,72,Group stage,77217,1,1,,,,,1,0,1,0,0,0,0,0
42,148,188,29,45,Group stage,63998,3,2,,,,,3,0,1,0,0,0,0,0
367,169,188,7,71,Group stage,63089,1,3,,,,,0,0,2,0,0,0,0,1
81,22,189,10,32,Group stage,63160,4,0,,,,,4,0,4,0,0,0,2,0
52,29,189,80,61,Group stage,93869,0,1,,,,,2,0,2,0,0,0,0,0
322,103,189,73,15,Group stage,83401,0,2,,,,,2,0,3,0,0,0,0,0
290,76,190,6,49,Group stage,62387,1,0,,,,,1,0,5,0,0,0,0,0
180,1,190,63,48,Group stage,76322,2,1,,,,,4,0,2,0,0,0,1,0
17,67,190,3,51,Group stage,54453,2,1,,,,,1,0,2,0,0,0,0,0
253,162,191,47,60,Group stage,60790,2,1,,,,,2,0,2,0,0,0,0,0
57,140,191,9,11,Group stage,83401,3,0,,,,,1,0,2,1,0,0,0,0
348,293,191,72,62,Group stage,71528,3,1,,,,,3,0,2,1,0,0,1,1
35,86,192,41,53,Group stage,74624,1,0,,,,,1,1,2,0,0,0,0,0
148,367,192,45,7,Group stage,54453,0,0,,,,,3,0,3,1,0,0,0,0
29,322,193,61,73,Group stage,61428,1,4,,,,,3,1,0,0,0,0,0,0
52,103,193,80,15,Group stage,93869,2,1,,,,,1,0,1,0,0,0,0,0
17,22,194,3,32,Group stage,54456,4,0,,,,,1,0,2,0,0,0,1,0
42,169,194,29,71,Group stage,63113,1,1,,,,,1,0,3,0,0,0,0,0
67,81,194,51,10,Group stage,44132,3,0,,,,,1,0,1,0,0,0,0,0
57,293,195,9,62,Group stage,81061,2,0,,,,,0,0,3,0,0,0,1,0
76,180,195,49,63,Group stage,50535,2,1,,,,,2,0,3,0,0,0,0,0
290,1,196,6,48,Group stage,61219,1,0,,,,,2,0,3,0,0,0,0,0
86,253,196,53,47,Group stage,52395,1,0,,,,,2,0,1,0,0,0,0,0
140,348,196,11,72,Group stage,93194,2,2,,,,,1,0,1,0,0,0,0,0
52,322,197,80,73,Group stage,73425,1,1,,,,,1,0,2,0,0,0,0,0
35,162,197,41,60,Group stage,75338,0,1,,,,,0,0,3,0,0,0,0,0
103,29,197,15,61,Group stage,91856,1,3,,,,,3,0,1,0,0,0,0,0
42,367,198,29,7,Group stage,63117,1,0,,,,,2,0,4,1,0,0,0,0
169,148,198,71,45,Group stage,56247,2,2,,,,,2,1,2,0,0,0,0,0
106,58,199,83,3,Final,73603,1,0,,,,,1,0,3,2,0,0,1,0
40,51,200,41,27,Third-place match,51426,2,1,,,,,0,0,0,0,0,0,1,0
106,51,201,83,27,Semi-finals,62628,1,1,,,4,3,1,0,2,0,0,0,0,0
40,58,202,41,3,Semi-finals,59978,1,1,,,3,4,1,0,5,1,0,0,0,0
106,197,203,83,21,Quarter-finals,73347,1,0,,,,,1,0,4,1,0,0,1,0
51,353,203,27,11,Quarter-finals,55205,3,2,,,,,1,0,3,0,0,0,2,1
159,58,204,84,3,Quarter-finals,38971,0,0,,,2,3,1,1,4,0,0,0,0,0
40,162,204,41,60,Quarter-finals,73303,1,0,,,,,1,0,1,0,0,0,0,0
234,159,205,71,84,Round of 16,35500,1,2,,,,,2,0,3,0,0,0,0,0
51,128,205,27,6,Round of 16,34520,1,0,,,,,1,0,0,0,0,0,0,0
162,87,206,60,61,Round of 16,31818,0,0,,,5,4,2,0,2,0,0,0,0,0
40,281,206,41,81,Round of 16,73303,2,0,,,,,1,0,4,0,0,0,0,0
329,58,207,9,3,Round of 16,61381,0,1,,,,,2,1,3,0,0,0,0,0
106,225,207,83,49,Round of 16,74559,2,1,,,,,2,1,3,1,0,0,0,1
353,103,208,11,15,Round of 16,50026,2,1,,,,,4,0,2,0,0,0,0,0
197,52,208,21,16,Round of 16,47673,4,1,,,,,3,0,2,0,0,0,0,0
128,234,209,6,71,Group stage,35950,1,2,,,,,0,0,0,0,0,0,0,1
150,281,209,45,81,Group stage,29039,0,1,,,,,2,1,2,0,0,0,0,0
162,225,209,60,49,Group stage,33288,1,1,,,,,0,0,1,0,0,0,0,0
51,237,209,27,25,Group stage,34959,1,0,,,,,1,0,2,0,0,0,0,0
276,52,210,72,16,Group stage,30223,1,2,,,,,2,0,2,0,0,0,0,0
329,26,210,9,64,Group stage,62502,1,0,,,,,0,0,2,0,0,0,0,0
106,103,211,83,15,Group stage,72510,1,1,,,,,1,0,3,0,0,0,0,0
159,57,211,84,79,Group stage,27833,4,1,,,,,3,0,1,1,0,0,0,0
193,48,211,5,80,Group stage,34857,2,1,,,,,5,1,4,0,0,0,0,0
40,197,211,41,21,Group stage,73303,2,0,,,,,2,0,2,0,0,0,0,0
58,87,212,3,61,Group stage,52733,1,1,,,,,2,0,3,0,0,0,0,0
353,354,212,11,70,Group stage,37307,0,4,,,,,2,0,1,0,0,0,0,0
162,237,213,60,25,Group stage,33288,0,0,,,,,1,0,1,0,0,0,0,0
128,281,213,6,81,Group stage,33759,3,1,,,,,1,1,1,0,0,0,0,0
150,234,213,45,71,Group stage,32733,1,3,,,,,3,0,0,0,0,0,0,0
329,52,214,9,16,Group stage,58007,1,0,,,,,2,0,2,0,0,0,0,0
51,225,214,27,49,Group stage,35267,0,0,,,,,0,0,0,0,0,0,0,0
276,26,214,72,64,Group stage,31823,1,2,,,,,1,0,1,0,0,0,0,1
193,197,215,5,21,Group stage,38962,0,1,,,,,3,0,2,0,0,0,0,1
106,57,215,83,79,Group stage,71169,5,1,,,,,1,0,2,0,0,0,0,0
159,103,216,84,15,Group stage,32257,1,0,,,,,1,0,0,0,0,0,0,0
353,87,216,11,61,Group stage,38687,2,1,,,,,2,0,1,0,0,0,0,0
40,48,216,41,80,Group stage,73423,1,0,,,,,1,0,1,0,0,0,0,0
281,234,217,81,71,Group stage,35713,0,0,,,,,2,0,2,0,0,0,0,0
58,354,217,3,70,Group stage,55759,2,0,,,,,5,0,1,1,0,0,0,0
128,150,218,6,45,Group stage,32790,2,0,,,,,0,0,1,0,0,0,0,0
225,237,218,49,25,Group stage,33288,1,1,,,,,1,0,1,0,0,0,0,1
52,26,219,16,64,Group stage,30867,1,0,,,,,0,0,0,0,0,0,0,0
51,162,219,27,60,Group stage,35238,1,1,,,,,1,0,0,0,0,0,0,0
48,197,220,80,21,Group stage,33266,1,5,,,,,2,1,2,0,0,0,0,1
106,159,220,83,84,Group stage,74765,4,1,,,,,1,0,0,0,0,0,0,0
329,276,220,9,72,Group stage,62628,2,1,,,,,3,0,1,0,0,0,0,0
57,103,221,79,15,Group stage,30791,0,2,,,,,3,0,0,0,0,0,0,0
354,87,221,70,61,Group stage,42907,0,2,,,,,1,0,1,0,0,0,0,1
40,193,221,41,5,Group stage,73303,1,0,,,,,0,0,1,0,0,0,0,0
58,353,222,3,11,Group stage,73780,0,1,,,,,1,0,3,2,0,0,0,0
58,106,223,3,83,Final,114600,3,2,,,,,4,0,2,0,0,0,0,0
140,128,224,28,6,Third-place match,21000,4,2,,,,,0,0,1,0,0,0,1,0
140,106,225,28,83,Semi-finals,45000,0,2,,,,,1,0,1,0,0,0,0,0
58,128,225,3,6,Semi-finals,114500,2,0,,,,,1,0,1,0,0,0,0,0
58,51,226,3,27,Quarter-finals,114580,2,1,,,,,1,0,1,0,0,0,0,0
254,128,226,71,6,Quarter-finals,45000,1,1,,,4,5,2,0,2,0,0,0,0,0
344,140,227,9,28,Quarter-finals,65000,1,1,,,3,4,0,0,0,0,0,0,0,0
106,52,227,83,47,Quarter-finals,41700,0,0,,,4,1,3,1,5,1,0,0,0,0
51,60,228,27,55,Round of 16,98728,3,0,,,,,2,0,1,0,0,0,0,0
332,254,228,23,71,Round of 16,38500,1,5,,,,,1,0,3,0,0,0,1,2
89,140,229,41,28,Round of 16,70000,0,2,,,,,2,0,1,0,0,0,0,0
184,106,229,48,83,Round of 16,19800,0,1,,,,,2,0,0,0,0,0,0,0
344,32,230,9,57,Round of 16,45000,4,0,,,,,2,0,3,0,0,0,2,0
58,277,230,3,81,Round of 16,26000,1,0,,,,,3,0,4,0,0,0,0,0
52,158,231,47,10,Round of 16,114580,2,0,,,,,0,0,1,0,0,0,0,0
354,128,231,70,6,Round of 16,32277,3,4,,,,,0,0,1,0,0,0,1,0
14,277,232,64,81,Group stage,20000,0,0,,,,,2,0,3,1,0,0,0,0
332,106,232,23,83,Group stage,36000,2,0,,,,,1,1,2,0,0,0,1,0
300,254,233,1,71,Group stage,23980,0,3,,,,,1,0,1,0,0,0,0,0
44,344,233,52,9,Group stage,51000,0,3,,,,,1,0,0,0,0,0,0,0
60,128,234,55,6,Group stage,16000,2,2,,,,,1,0,1,0,0,0,0,0
91,52,234,39,47,Group stage,103763,0,1,,,,,2,0,0,0,0,0,0,0
51,32,234,27,57,Group stage,22700,3,0,,,,,1,0,0,0,0,0,0,0
189,184,234,58,48,Group stage,28000,1,3,,,,,1,0,0,0,0,0,0,0
58,158,235,3,10,Group stage,65000,2,0,,,,,1,0,0,0,0,0,0,0
205,89,235,45,41,Group stage,20000,2,3,,,,,3,0,3,0,0,0,0,0
354,349,236,70,12,Group stage,14200,2,0,,,,,0,0,0,0,0,0,0,0
129,140,236,35,28,Group stage,31420,0,3,,,,,0,0,2,0,0,0,0,0
106,14,237,83,64,Group stage,30000,2,1,,,,,0,0,3,0,0,0,0,0
91,128,237,39,6,Group stage,20000,1,2,,,,,6,1,1,0,0,0,0,1
332,277,237,23,81,Group stage,26500,6,1,,,,,1,0,2,1,0,0,0,1
52,60,238,47,55,Group stage,114600,1,1,,,,,3,0,2,0,0,0,0,0
44,254,238,52,71,Group stage,28000,1,2,,,,,1,0,1,0,0,0,0,0
32,189,238,57,58,Group stage,19915,1,0,,,,,2,0,0,0,0,0,0,0
344,300,239,9,1,Group stage,48000,1,0,,,,,0,0,0,0,0,0,0,0
129,349,239,35,12,Group stage,13800,2,0,,,,,0,0,2,1,0,0,0,0
51,184,239,27,48,Group stage,20200,0,0,,,,,2,1,2,0,0,0,0,0
89,58,240,41,3,Group stage,32000,1,1,,,,,1,0,2,0,0,0,1,0
140,354,240,28,70,Group stage,36540,1,1,,,,,2,0,2,0,0,0,0,0
205,158,240,45,10,Group stage,45000,1,1,,,,,2,0,1,0,0,0,0,0
60,91,241,55,39,Group stage,24000,1,0,,,,,1,0,1,0,0,0,0,0
277,106,241,81,83,Group stage,30500,1,1,,,,,2,0,0,0,0,0,0,0
14,332,241,64,23,Group stage,18000,0,1,,,,,0,0,1,0,0,0,0,0
128,52,242,6,47,Group stage,110000,1,2,,,,,1,0,2,0,0,0,0,0
300,44,242,1,52,Group stage,22000,1,1,,,,,1,0,3,0,0,0,0,0
189,51,242,58,27,Group stage,23000,1,0,,,,,1,0,2,0,0,0,0,0
354,129,243,70,35,Group stage,16500,6,0,,,,,0,0,0,0,0,0,1,0
58,205,243,3,45,Group stage,60000,3,1,,,,,0,0,2,0,0,0,0,0
184,32,243,48,57,Group stage,19900,0,0,,,,,1,0,0,0,0,0,0,0
254,344,244,71,9,Group stage,35748,0,1,,,,,1,0,1,0,0,0,0,0
349,140,244,12,28,Group stage,65500,0,1,,,,,0,0,0,0,0,0,0,0
158,89,245,10,41,Group stage,96000,1,1,,,,,1,0,2,0,0,0,0,0
89,206,246,41,83,Final,90000,3,1,,,,,2,0,3,0,0,0,0,0
32,250,247,57,28,Third-place match,28000,3,2,,,,,2,0,1,0,0,0,0,0
32,89,248,57,41,Semi-finals,50000,0,2,,,,,3,0,1,0,0,0,0,0
206,250,248,83,28,Semi-finals,70000,3,3,,,5,4,1,0,2,0,0,0,0,1
89,344,249,41,9,Second group stage,44000,3,2,,,,,2,0,0,0,0,0,0,0
187,321,249,71,27,Second group stage,75000,0,0,,,,,0,0,1,0,0,0,0,0
250,44,250,28,52,Second group stage,37000,4,1,,,,,1,0,1,0,0,0,0,0
32,219,250,57,70,Second group stage,65000,0,0,,,,,2,0,3,0,0,0,0,0
61,344,251,3,9,Second group stage,44000,1,3,,,,,1,1,2,0,0,0,0,0
206,187,251,83,71,Second group stage,90089,2,1,,,,,2,0,3,0,0,0,0,0
112,44,252,5,52,Second group stage,20000,2,2,,,,,1,0,0,0,0,0,0,0
128,219,252,6,70,Second group stage,45000,0,1,,,,,0,0,1,0,0,0,0,0
89,61,253,41,3,Second group stage,43000,2,1,,,,,2,0,3,1,0,0,0,0
206,321,253,83,27,Second group stage,75000,0,0,,,,,1,0,0,0,0,0,0,0
112,250,254,5,28,Second group stage,37000,0,1,,,,,1,0,0,0,0,0,0,0
32,128,254,57,6,Second group stage,65000,3,0,,,,,1,0,0,0,0,0,0,0
321,57,255,27,46,Group stage,39700,1,0,,,,,1,0,1,0,0,0,0,0
206,112,255,83,5,Group stage,41000,1,0,,,,,0,0,2,0,0,0,0,0
44,187,255,52,71,Group stage,49562,1,0,,,,,2,1,1,0,0,0,0,0
250,197,256,28,21,Group stage,28000,1,1,,,,,1,0,1,1,0,0,0,1
301,230,256,1,13,Group stage,16000,3,2,,,,,0,0,1,0,0,0,0,1
182,255,256,34,84,Group stage,25000,0,1,,,,,1,1,1,0,0,0,0,1
89,170,257,41,11,Group stage,20000,1,1,,,,,1,0,1,0,0,0,0,0
61,249,257,3,26,Group stage,32500,2,0,,,,,2,0,3,0,0,0,1,0
344,175,257,9,50,Group stage,43000,4,0,,,,,0,0,0,0,0,0,0,0
32,345,258,57,56,Group stage,25000,5,1,,,,,0,0,1,0,0,0,0,0
128,208,258,6,35,Group stage,37000,1,1,,,,,2,0,0,0,0,0,0,0
219,173,258,70,64,Group stage,45000,2,2,,,,,0,0,1,0,0,0,0,0
301,112,259,1,5,Group stage,22000,0,2,,,,,1,0,0,0,0,0,0,0
250,57,259,28,46,Group stage,30043,4,1,,,,,1,0,2,0,0,0,0,0
182,44,259,34,52,Group stage,15000,1,1,,,,,0,0,0,0,0,0,0,0
206,230,260,83,13,Group stage,42000,4,1,,,,,0,0,2,0,0,0,0,0
321,197,260,27,21,Group stage,41123,2,0,,,,,0,0,1,0,0,0,0,0
187,255,260,71,84,Group stage,48000,2,1,,,,,2,0,2,0,0,0,1,0
32,170,261,57,11,Group stage,19000,0,0,,,,,1,0,2,0,0,0,0,0
219,175,261,70,50,Group stage,19000,3,0,,,,,0,0,0,0,0,0,0,0
128,249,261,6,26,Group stage,15000,1,0,,,,,0,0,2,0,0,0,0,0
89,345,262,41,56,Group stage,25000,1,1,,,,,1,0,1,0,0,0,0,0
344,173,262,9,64,Group stage,47379,4,1,,,,,0,0,0,0,0,0,0,0
61,208,262,3,35,Group stage,32093,4,1,,,,,0,0,0,0,0,0,0,0
230,112,263,13,5,Group stage,22500,0,1,,,,,1,0,2,0,0,0,0,0
197,57,263,21,46,Group stage,25000,1,1,,,,,0,0,0,0,0,0,1,0
255,44,263,84,52,Group stage,25000,0,0,,,,,0,0,1,0,0,0,0,0
321,250,264,27,28,Group stage,44172,3,1,,,,,1,0,0,0,0,0,0,0
206,301,264,83,1,Group stage,42000,1,2,,,,,1,0,1,0,0,0,0,0
187,182,264,71,34,Group stage,49562,1,1,,,,,0,0,0,0,0,0,1,0
345,170,265,56,11,Group stage,11000,0,0,,,,,0,0,1,0,0,0,0,0
208,249,265,35,26,Group stage,23000,10,1,,,,,2,0,0,0,0,0,0,0
173,175,265,64,50,Group stage,36000,5,2,,,,,0,0,0,0,0,0,0,0
89,32,266,41,57,Group stage,33000,0,0,,,,,2,0,1,0,0,0,0,0
344,219,266,9,70,Group stage,68000,2,1,,,,,0,0,0,0,0,0,0,0
61,128,267,3,6,Group stage,95000,0,1,,,,,1,0,1,0,0,0,0,0
61,90,268,3,49,Final,71483,3,1,,,,,2,0,3,0,0,0,0,0
66,89,269,9,41,Third-place match,69659,2,1,,,,,2,0,1,0,0,0,0,0
90,89,270,49,41,Second group stage,67433,2,1,,,,,2,0,3,0,0,0,0,0
138,137,270,5,83,Second group stage,38318,3,2,,,,,2,0,1,0,0,0,0,0
66,160,270,9,57,Second group stage,39586,3,1,,,,,2,0,0,0,0,0,0,0
61,244,270,3,56,Second group stage,37315,6,0,,,,,0,0,2,0,0,0,0,0
160,244,271,57,56,Second group stage,35288,1,0,,,,,2,0,2,0,0,0,0,0
137,90,271,83,49,Second group stage,40750,2,2,,,,,1,0,2,1,0,0,0,0
89,138,271,41,5,Second group stage,66695,1,0,,,,,0,0,0,0,0,0,0,0
61,66,271,3,9,Second group stage,37326,0,0,,,,,1,0,3,0,0,0,0,0
90,138,272,49,5,Second group stage,25050,5,1,,,,,0,0,0,0,0,0,1,0
137,89,272,83,41,Second group stage,67547,0,0,,,,,0,0,0,0,0,0,0,0
66,244,272,9,56,Second group stage,31278,3,0,,,,,1,0,1,0,0,0,1,0
61,160,272,3,57,Second group stage,37091,2,0,,,,,1,0,1,0,0,0,0,0
66,138,273,9,5,Group stage,35221,1,0,,,,,0,0,0,0,0,0,0,0
221,111,273,71,72,Group stage,42132,1,0,,,,,0,0,1,0,0,0,0,0
244,147,273,56,36,Group stage,21262,4,1,,,,,0,0,1,0,0,0,2,0
21,90,273,64,49,Group stage,35130,3,2,,,,,1,0,0,0,0,0,1,1
250,222,274,28,35,Group stage,23127,3,1,,,,,0,0,0,0,0,0,0,0
160,186,274,57,47,Group stage,22651,3,1,,,,,0,0,0,0,0,0,0,0
137,2,274,83,76,Group stage,30667,0,0,,,,,1,0,1,0,0,0,0,0
89,61,274,41,3,Group stage,71712,1,0,,,,,1,0,0,0,0,0,0,0
138,111,275,5,72,Group stage,41424,1,0,,,,,0,0,0,0,0,0,1,0
66,221,275,9,71,Group stage,34771,0,0,,,,,0,0,1,0,0,0,0,0
90,244,275,49,56,Group stage,28125,0,0,,,,,1,0,1,0,0,0,0,0
21,147,275,64,36,Group stage,7938,1,1,,,,,0,0,1,0,0,0,0,0
89,222,276,41,35,Group stage,26533,3,1,,,,,0,0,2,0,0,0,0,1
137,186,276,83,47,Group stage,35258,6,0,,,,,1,0,1,0,0,0,0,0
160,2,276,57,76,Group stage,9624,1,0,,,,,0,0,0,0,0,0,0,0
61,250,276,3,28,Group stage,71666,2,1,,,,,0,0,1,0,0,0,1,0
111,66,277,72,9,Group stage,32569,1,1,,,,,0,0,1,0,0,0,0,0
138,221,277,5,71,Group stage,40841,2,1,,,,,0,0,0,0,0,0,0,0
244,21,277,56,64,Group stage,37927,3,1,,,,,1,0,0,0,0,0,0,0
90,147,277,49,36,Group stage,33431,3,0,,,,,0,0,1,0,0,0,2,0
89,250,278,41,28,Group stage,42373,2,1,,,,,1,0,2,0,0,0,0,0
2,186,278,76,47,Group stage,17396,3,1,,,,,0,0,0,0,0,0,0,1
61,222,278,3,35,Group stage,71615,2,1,,,,,1,0,2,2,0,0,0,0
137,160,279,83,57,Group stage,67579,0,0,,,,,0,0,0,0,0,0,0,0
315,137,280,49,83,Final,78200,1,2,,,,,3,0,1,0,0,0,1,1
247,215,281,9,57,Third-place match,77100,0,1,,,,,1,0,1,0,0,0,0,0
215,137,282,57,83,Second group stage,62000,0,1,,,,,0,0,0,0,0,0,0,0
315,247,282,49,9,Second group stage,53700,2,0,,,,,2,0,3,1,0,0,0,0
361,110,282,3,30,Second group stage,54254,1,1,,,,,1,0,1,0,0,0,0,0
111,255,282,72,84,Second group stage,41300,2,1,,,,,0,0,2,0,0,0,0,0
215,255,283,57,84,Second group stage,58000,2,1,,,,,0,0,0,0,0,0,1,0
361,247,283,3,9,Second group stage,39400,1,2,,,,,1,0,0,0,0,0,0,0
110,315,283,30,49,Second group stage,68348,0,2,,,,,0,0,0,0,0,0,0,0
137,111,283,83,72,Second group stage,67800,4,2,,,,,0,0,1,0,0,0,1,0
255,137,284,84,83,Second group stage,67385,0,2,,,,,2,0,2,0,0,0,0,0
247,110,284,9,30,Second group stage,59863,1,0,,,,,3,0,2,0,0,0,0,0
111,215,284,72,57,Second group stage,44955,0,1,,,,,0,0,2,0,0,0,0,0
315,361,284,49,3,Second group stage,56548,4,0,,,,,2,0,1,0,0,0,0,0
153,315,285,10,49,Group stage,53300,1,4,,,,,1,0,3,0,0,0,0,2
215,99,285,57,41,Group stage,70100,2,1,,,,,2,0,1,0,0,0,0,0
111,319,285,72,81,Group stage,28300,3,0,,,,,0,0,1,0,0,0,0,0
361,31,285,3,33,Group stage,25900,4,1,,,,,2,0,1,0,0,0,0,0
365,255,286,64,84,Group stage,56000,1,1,,,,,2,0,3,0,0,0,0,0
303,229,286,4,13,Group stage,17400,0,0,,,,,1,1,0,0,0,0,0,0
45,247,286,22,9,Group stage,36200,0,3,,,,,1,0,1,0,0,0,0,0
110,137,286,30,83,Group stage,60200,1,0,,,,,3,0,0,0,0,0,0,0
31,215,287,33,57,Group stage,25300,0,7,,,,,1,0,0,0,0,0,0,0
153,319,287,10,81,Group stage,13400,1,1,,,,,1,0,1,0,0,0,0,0
315,111,287,49,72,Group stage,53700,0,0,,,,,1,0,4,0,0,0,0,0
361,99,287,3,41,Group stage,70100,1,1,,,,,1,0,1,0,0,0,0,0
303,137,288,4,83,Group stage,53300,0,3,,,,,1,0,0,0,0,0,0,0
255,45,288,84,22,Group stage,31700,9,0,,,,,1,0,0,1,0,0,0,0
229,110,288,13,30,Group stage,28300,1,1,,,,,2,0,1,0,0,0,0,0
365,247,288,64,9,Group stage,62000,0,0,,,,,0,0,3,0,0,0,0,0
319,315,289,81,49,Group stage,55100,0,2,,,,,3,1,0,0,0,0,0,0
111,153,289,72,10,Group stage,23800,0,0,,,,,0,0,0,0,0,0,0,0
99,31,289,41,33,Group stage,53000,3,1,,,,,0,0,1,0,0,0,0,0
215,361,289,57,3,Group stage,32700,3,2,,,,,0,0,2,0,0,0,0,0
137,229,290,83,13,Group stage,81100,1,0,,,,,0,0,3,1,0,0,0,0
110,303,290,30,4,Group stage,17000,2,0,,,,,3,0,0,0,0,0,0,0
45,365,290,22,64,Group stage,27000,0,2,,,,,1,0,1,0,0,0,0,0
247,255,291,9,84,Group stage,62000,0,0,,,,,0,0,2,0,0,0,0,0
247,99,292,9,41,Final,107412,4,1,,,,,1,0,1,0,0,0,0,0
137,202,293,83,81,Third-place match,104403,1,0,,,,,2,0,3,0,0,0,0,0
99,137,294,41,83,Semi-finals,102444,4,3,,,,,3,0,2,0,0,0,0,0
247,202,294,9,81,Semi-finals,51261,3,1,,,,,1,0,3,0,0,0,0,0
247,77,295,9,56,Quarter-finals,54233,4,2,,,,,0,0,0,0,0,0,0,0
99,306,295,41,47,Quarter-finals,26851,4,1,,,,,1,0,0,0,0,0,0,0
202,109,295,81,70,Quarter-finals,26085,1,0,,,,,0,0,1,0,0,0,0,0
137,16,295,83,27,Quarter-finals,23357,3,2,,,,,1,0,1,0,0,0,0,0
306,308,296,47,6,Group stage,108192,1,0,,,,,2,0,2,0,0,0,1,0
99,88,296,41,40,Group stage,9890,0,0,,,,,1,0,2,0,0,0,0,0
338,45,296,10,48,Group stage,12299,1,1,,,,,0,0,0,0,0,0,0,0
16,196,296,27,21,Group stage,49292,1,0,,,,,0,0,1,0,0,0,1,0
137,77,297,83,56,Group stage,17875,3,1,,,,,0,0,0,0,0,0,0,0
247,28,297,9,61,Group stage,50804,3,2,,,,,0,0,2,0,0,0,0,0
279,202,297,72,81,Group stage,18163,1,0,,,,,0,0,0,0,0,0,0,0
109,144,297,70,26,Group stage,89979,2,0,,,,,1,0,0,0,0,0,0,0
306,144,298,47,26,Group stage,103058,4,0,,,,,0,0,4,0,0,0,0,0
247,16,298,9,27,Group stage,66843,1,0,,,,,0,0,1,0,0,0,0,0
137,338,298,83,10,Group stage,12710,5,2,,,,,0,0,0,0,0,0,1,0
279,88,298,72,40,Group stage,9624,1,1,,,,,1,0,2,0,0,0,0,0
28,196,299,61,21,Group stage,56818,2,1,,,,,1,0,1,0,0,0,1,0
202,99,299,81,41,Group stage,29968,0,0,,,,,1,0,0,0,0,0,0,0
109,308,299,70,6,Group stage,95261,4,1,,,,,0,0,0,0,0,0,0,0
77,45,299,56,48,Group stage,13537,3,0,,,,,0,0,0,0,0,0,0,0
308,144,300,6,26,Group stage,92205,3,0,,,,,0,0,0,0,0,0,1,0
247,196,300,9,21,Group stage,52897,4,1,,,,,2,0,1,0,0,0,0,0
99,279,300,41,72,Group stage,13433,1,0,,,,,0,0,1,0,0,0,0,0
137,45,300,83,48,Group stage,12942,2,1,,,,,0,0,0,0,0,0,0,0
16,28,301,27,61,Group stage,50560,1,0,,,,,0,0,0,0,0,0,0,0
77,338,301,56,10,Group stage,13765,3,2,,,,,0,0,0,0,0,0,0,0
202,88,301,81,40,Group stage,20654,2,0,,,,,0,0,0,0,0,0,0,0
306,109,302,47,70,Group stage,107160,0,0,,,,,1,0,4,0,0,0,0,0
16,137,303,27,83,Final,96924,4,2,,,,,1,0,0,0,0,0,0,0
284,268,304,58,70,Third-place match,87696,2,1,,,,,0,0,0,0,0,0,1,0
16,284,305,27,58,Semi-finals,94493,2,1,,,,,0,0,0,0,0,0,0,1
137,268,306,83,70,Semi-finals,38273,2,1,,,,,1,0,1,1,0,0,0,0
284,325,307,58,44,Quarter-finals,40248,5,3,,,,,1,0,0,0,0,0,2,0
16,200,307,27,3,Quarter-finals,90584,1,0,,,,,0,0,3,1,0,0,0,0
268,222,307,70,35,Quarter-finals,26844,2,1,,,,,0,0,0,0,0,0,0,0
137,278,307,83,81,Quarter-finals,40007,4,0,,,,,1,0,1,2,0,0,0,0
16,139,308,27,28,Group stage,98270,2,0,,,,,1,0,0,0,0,0,0,0
222,324,308,35,10,Group stage,24129,3,1,,,,,0,0,0,0,0,0,0,0
137,190,308,83,71,Group stage,42187,2,1,,,,,1,0,1,0,0,0,0,0
268,229,308,70,13,Group stage,16027,2,1,,,,,0,0,0,0,0,0,0,0
278,156,309,81,47,Group stage,61112,0,0,,,,,0,0,0,0,0,0,0,0
200,18,309,3,73,Group stage,32127,2,0,,,,,0,0,0,0,0,0,0,0
284,355,309,58,9,Group stage,58479,3,1,,,,,0,0,0,0,0,0,0,0
325,85,309,44,41,Group stage,17829,1,0,,,,,0,0,0,0,0,0,0,0
137,200,310,83,3,Group stage,46587,0,0,,,,,1,0,0,1,0,0,0,0
268,85,310,70,41,Group stage,27793,1,0,,,,,1,0,0,0,0,0,0,0
284,324,310,58,10,Group stage,25438,3,0,,,,,1,0,1,0,0,0,0,0
16,156,310,27,47,Group stage,92570,2,0,,,,,0,0,0,0,0,0,0,0
190,18,311,71,73,Group stage,32028,2,1,,,,,0,0,0,0,0,0,0,0
278,139,311,81,28,Group stage,45662,2,1,,,,,0,0,0,0,0,0,0,1
222,355,311,35,9,Group stage,51387,3,1,,,,,0,0,0,0,0,0,1,0
325,229,311,44,13,Group stage,13792,1,1,,,,,0,0,1,0,0,0,0,1
200,190,312,3,71,Group stage,42738,2,1,,,,,0,0,0,0,0,0,0,0
139,156,312,28,47,Group stage,69237,1,1,,,,,0,0,0,0,0,0,0,0
85,229,312,41,13,Group stage,27199,2,0,,,,,0,0,0,0,0,0,0,0
284,222,312,58,35,Group stage,29886,3,1,,,,,0,0,0,0,0,0,0,0
355,324,313,9,10,Group stage,47308,2,0,,,,,1,0,2,0,0,0,0,0
268,325,313,70,44,Group stage,23006,3,0,,,,,1,0,0,0,0,0,0,0
137,18,313,83,73,Group stage,36127,5,0,,,,,0,0,0,0,0,0,1,0
16,278,314,27,81,Group stage,87148,0,0,,,,,0,0,0,0,0,0,0,0
39,324,315,9,21,Final,68679,3,1,,,,,0,0,0,0,0,0,0,0
96,227,316,13,84,Third-place match,66697,1,0,,,,,0,0,0,0,0,0,0,0
39,96,317,9,13,Semi-finals,76594,4,2,,,,,0,1,0,1,0,0,0,1
324,227,317,21,84,Semi-finals,5890,3,1,,,,,0,0,0,0,0,0,1,0
96,109,318,13,70,Quarter-finals,17268,2,1,,,,,0,0,0,0,0,0,0,0
39,364,318,9,27,Quarter-finals,17736,3,1,,,,,0,0,0,0,0,0,0,0
324,222,318,21,35,Quarter-finals,11690,1,0,,,,,0,0,0,0,0,0,0,0
227,331,318,84,83,Quarter-finals,63324,1,0,,,,,0,0,0,0,0,0,0,0
364,116,319,27,10,Group stage,5700,0,0,,,,,0,0,0,0,0,0,0,0
156,324,319,47,21,Group stage,10648,3,1,,,,,0,0,0,0,0,0,1,0
288,212,319,41,73,Group stage,59828,3,0,,,,,0,0,0,0,0,0,0,0
227,5,319,84,15,Group stage,7167,5,0,,,,,0,0,0,0,0,0,0,0
331,96,320,83,13,Group stage,67224,2,0,,,,,0,0,0,0,0,0,1,0
109,199,320,70,81,Group stage,9973,2,1,,,,,0,0,0,0,0,0,0,0
222,200,320,35,3,Group stage,7945,0,0,,,,,0,0,0,0,0,0,0,0
39,136,320,9,71,Group stage,18715,2,1,,,,,0,0,0,0,0,0,0,0
136,156,321,71,47,Group stage,11875,1,0,,,,,0,0,0,0,0,0,0,0
109,5,321,70,15,Group stage,8040,4,4,,,,,0,0,0,0,0,0,0,0
222,116,321,35,10,Group stage,7442,6,1,,,,,0,0,0,0,0,0,0,0
331,212,321,83,73,Group stage,64922,2,1,,,,,0,0,0,0,0,0,0,0
96,288,322,13,41,Group stage,66057,2,0,,,,,0,0,0,2,0,0,0,0
39,324,322,9,21,Group stage,14903,0,0,,,,,0,0,0,0,0,0,0,0
364,200,322,27,3,Group stage,9794,3,1,,,,,0,0,0,0,0,0,1,0
227,199,322,84,81,Group stage,8829,3,1,,,,,0,1,0,1,0,0,1,0
331,288,323,83,41,Group stage,65440,0,0,,,,,0,0,0,0,0,0,0,0
222,364,323,35,27,Group stage,7938,2,1,,,,,0,0,0,0,0,0,0,1
324,136,323,21,71,Group stage,12700,1,0,,,,,0,0,0,0,0,0,0,0
109,227,323,70,84,Group stage,9622,2,0,,,,,0,0,0,0,0,0,0,0
96,212,324,13,73,Group stage,65006,3,1,,,,,0,0,0,0,0,0,0,0
199,5,324,81,15,Group stage,7908,2,1,,,,,0,0,0,0,0,0,0,1
39,156,324,9,47,Group stage,10484,2,0,,,,,0,0,0,0,0,0,0,0
200,116,324,3,10,Group stage,7134,1,0,,,,,1,0,0,0,0,0,0,0
355,114,325,9,72,Final,49737,5,2,,,,,0,0,0,0,0,0,0,0
9,331,326,28,83,Third-place match,32483,6,3,,,,,0,0,0,0,0,0,1,0
114,331,327,72,83,Semi-finals,49471,3,1,,,,,0,0,0,1,0,0,0,0
355,9,327,9,28,Semi-finals,27100,5,2,,,,,0,0,0,0,0,0,0,0
9,295,328,28,52,Quarter-finals,11800,4,0,,,,,0,0,0,0,0,0,0,0
331,13,328,83,84,Quarter-finals,20055,1,0,,,,,0,0,0,0,0,0,0,0
355,166,328,9,82,Quarter-finals,25923,1,0,,,,,0,0,0,0,0,0,0,0
114,109,328,72,70,Quarter-finals,31900,2,0,,,,,0,0,0,0,0,0,0,0
295,210,329,52,21,Group stage play-off,6196,2,1,,,,,0,0,0,1,0,0,0,0
166,222,329,82,35,Group stage play-off,2823,2,1,,,,,0,0,0,1,0,0,0,0
109,364,329,70,27,Group stage play-off,23182,1,0,,,,,0,0,0,0,0,0,0,0
114,166,330,72,82,Group stage,30287,0,0,,,,,0,0,0,0,0,0,0,0
38,13,330,55,84,Group stage,13103,3,3,,,,,0,0,0,0,0,0,0,0
331,295,330,83,52,Group stage,21990,2,2,,,,,0,0,0,0,0,0,0,0
210,124,330,21,3,Group stage,16418,6,1,,,,,0,0,0,0,0,0,0,1
364,191,330,27,5,Group stage,15872,2,2,,,,,0,0,0,0,0,0,0,0
355,109,330,9,70,Group stage,50928,2,0,,,,,0,0,0,0,0,0,0,0
222,33,330,35,47,Group stage,13300,4,0,,,,,0,0,0,0,0,0,0,0
9,74,330,28,64,Group stage,13554,2,1,,,,,0,0,0,0,0,0,0,0
114,222,331,72,35,Group stage,38850,2,1,,,,,0,0,0,0,0,0,0,0
109,191,332,70,5,Group stage,21239,2,0,,,,,0,0,0,0,0,0,0,0
331,210,332,83,21,Group stage,25000,2,2,,,,,0,0,0,0,0,0,0,1
124,295,332,3,52,Group stage,14174,3,1,,,,,0,0,0,0,0,0,1,0
13,9,332,84,28,Group stage,12217,3,2,,,,,0,0,0,0,0,0,0,0
38,74,332,55,64,Group stage,11665,3,2,,,,,0,0,0,0,0,0,0,0
355,364,332,9,27,Group stage,40895,0,0,,,,,0,0,0,0,0,0,0,0
33,166,332,47,82,Group stage,15150,1,1,,,,,0,0,0,0,0,0,0,0
114,33,333,72,47,Group stage,34107,3,0,,,,,0,0,0,0,0,0,1,0
295,210,333,52,21,Group stage,10647,1,0,,,,,0,0,0,0,0,0,0,0
222,166,333,35,82,Group stage,15343,1,1,,,,,0,0,0,0,0,0,0,0
13,74,333,84,64,Group stage,9591,1,1,,,,,0,0,0,0,0,0,0,0
355,191,333,9,5,Group stage,17788,3,0,,,,,0,0,0,0,0,0,0,0
109,364,333,70,27,Group stage,49348,2,2,,,,,0,0,0,0,0,0,0,1
9,38,333,28,55,Group stage,16518,7,3,,,,,0,0,0,0,0,0,0,1
124,331,333,3,83,Group stage,31156,1,3,,,,,0,0,0,0,0,0,0,0
331,126,334,29,35,Final,62500,3,2,,,,,0,0,0,0,0,0,0,0
363,203,335,5,81,Third-place match,32000,3,1,,,,,0,0,0,0,0,0,1,0
126,203,336,35,81,Semi-finals,45000,4,2,,,,,0,0,0,0,0,0,0,0
331,363,336,29,5,Semi-finals,58000,6,1,,,,,0,0,0,0,0,0,2,0
331,13,337,29,84,Quarter-finals,17000,2,0,,,,,0,0,0,0,0,0,0,0
126,369,337,35,9,Quarter-finals,40000,4,2,,,,,0,1,0,2,0,0,1,1
203,364,338,81,27,Quarter-finals,28000,4,2,,,,,0,0,0,0,0,0,0,0
212,363,338,73,5,Quarter-finals,35000,5,7,,,,,0,0,0,0,0,0,0,0
331,328,339,29,77,Group stage play-off,17000,7,2,,,,,0,0,0,0,0,0,0,0
212,223,339,73,41,Group stage play-off,30000,4,1,,,,,0,0,0,0,0,0,0,0
126,331,340,35,29,Group stage,56000,8,3,,,,,0,0,0,0,0,0,0,0
328,368,340,77,45,Group stage,4000,7,0,,,,,0,0,0,0,0,0,0,0
223,82,340,41,6,Group stage,24000,4,1,,,,,0,0,0,0,0,0,1,0
212,364,340,73,27,Group stage,43500,0,2,,,,,0,0,0,0,0,0,0,0
203,25,341,81,64,Group stage,34000,7,0,,,,,0,0,0,0,0,0,0,0
369,13,341,9,84,Group stage,24637,1,1,,,,,0,0,0,0,0,0,0,0
363,192,341,5,21,Group stage,26000,5,0,,,,,0,0,0,0,0,0,0,0
297,33,341,28,47,Group stage,19000,3,2,,,,,0,0,0,0,0,0,1,0
212,223,342,73,41,Group stage,43000,2,1,,,,,0,0,0,0,0,0,0,0
126,368,342,35,45,Group stage,13000,9,0,,,,,0,0,0,0,0,0,0,0
331,328,342,29,77,Group stage,28000,4,1,,,,,0,0,0,0,0,0,0,0
364,82,342,27,6,Group stage,14000,4,4,,,,,0,0,0,0,0,0,0,0
203,272,343,81,21,Group stage,20500,2,0,,,,,0,0,0,0,0,0,0,0
13,297,343,84,28,Group stage,16000,1,0,,,,,0,0,0,0,0,0,0,0
369,33,343,9,47,Group stage,13470,5,0,,,,,0,0,0,0,0,0,0,0
363,25,343,5,64,Group stage,25000,1,0,,,,,0,0,0,0,0,0,0,0
114,123,344,72,71,Final stage,11227,3,1,,,,,0,0,0,0,0,0,0,0
203,101,344,81,9,Final stage,173850,2,1,,,,,0,0,0,0,0,0,0,0
101,123,345,9,71,Final stage,152772,6,1,,,,,1,0,0,0,0,0,0,0
203,114,345,81,72,Final stage,7987,3,2,,,,,0,0,0,0,0,0,0,0
101,114,346,9,72,Final stage,138886,7,1,,,,,0,0,0,0,0,0,0,1
203,123,346,81,71,Final stage,44802,2,2,,,,,0,0,0,0,0,0,0,0
36,43,347,13,80,Group stage,8501,5,2,,,,,0,0,0,0,0,0,0,1
98,238,347,41,55,Group stage,25811,2,0,,,,,0,0,0,0,0,0,0,0
203,246,347,81,7,Group stage,5284,8,0,,,,,0,0,0,0,0,0,0,0
123,364,347,71,27,Group stage,74462,1,0,,,,,0,0,0,0,0,0,0,0
105,270,347,73,47,Group stage,3580,2,1,,,,,0,0,0,0,0,0,0,0
101,256,348,9,84,Group stage,142429,2,0,,,,,0,0,0,0,0,0,0,0
123,36,349,71,13,Group stage,19790,2,0,,,,,0,0,0,0,0,0,0,0
43,364,349,80,27,Group stage,10151,1,0,,,,,0,0,0,0,0,0,0,0
114,238,349,72,55,Group stage,7903,2,2,,,,,0,0,0,0,0,0,0,0
101,105,350,9,73,Group stage,42032,2,2,,,,,0,0,0,0,0,0,0,0
256,270,350,84,47,Group stage,11078,4,1,,,,,0,0,0,0,0,0,0,1
114,98,351,72,41,Group stage,36502,3,2,,,,,0,0,0,0,0,0,0,0
364,36,351,27,13,Group stage,29703,2,0,,,,,0,0,0,0,0,0,0,0
123,43,351,71,80,Group stage,9511,3,1,,,,,0,0,0,0,0,0,0,0
256,105,351,84,73,Group stage,7336,3,0,,,,,0,0,0,0,0,0,0,0
101,270,352,9,47,Group stage,81649,4,0,,,,,0,0,0,0,0,0,0,0
4,194,353,9,72,Third-place match,12000,4,2,,,,,0,0,0,0,0,0,0,0
358,213,353,41,35,Final,45000,4,2,,,,,0,0,0,0,0,0,0,0
213,194,354,35,72,Semi-finals,20000,5,1,,,,,0,0,0,0,0,0,0,0
358,4,354,41,9,Semi-finals,33000,2,1,,,,,0,0,0,0,0,0,1,0
4,351,355,9,21,Quarter-finals,18141,2,1,,,,,0,0,0,0,0,0,0,0
194,188,356,72,19,Quarter-finals,7000,8,0,,,,,0,0,0,0,0,0,0,0
4,351,356,9,21,Quarter-finals,22021,1,1,,,,,0,2,0,1,0,0,0,1
213,212,356,35,73,Quarter-finals,15000,2,0,,,,,0,0,0,0,0,0,0,0
358,108,356,41,28,Quarter-finals,58455,3,1,,,,,0,0,0,0,0,0,0,0
212,331,357,73,29,Round of 16,20025,4,2,,,,,0,0,0,0,0,0,0,0
188,68,357,19,61,Round of 16,8000,2,1,,,,,0,0,0,0,0,0,0,0
358,37,358,41,53,Round of 16,19000,2,1,,,,,0,0,0,0,0,0,0,0
188,68,358,19,61,Round of 16,7000,3,3,,,,,0,0,0,0,0,0,0,0
213,174,358,35,38,Round of 16,9000,6,0,,,,,0,0,0,0,0,0,0,0
108,161,358,28,6,Round of 16,30454,3,1,,,,,0,0,0,0,0,0,0,0
4,195,358,9,57,Round of 16,13452,6,5,,,,,0,0,0,0,0,0,0,1
351,49,358,21,49,Round of 16,11000,3,0,,,,,0,0,0,0,0,0,0,0
212,331,359,73,29,Round of 16,27152,1,1,,,,,0,0,0,1,0,0,0,0
358,211,360,41,21,Final,55000,2,1,,,,,0,0,0,0,0,0,0,0
285,154,361,29,5,Third-place match,7000,3,2,,,,,0,0,0,0,0,0,0,0
211,285,362,21,29,Semi-finals,15000,3,1,,,,,0,0,0,0,0,0,0,0
358,154,362,41,5,Semi-finals,35000,1,0,,,,,0,0,0,0,0,0,0,0
358,23,363,41,71,Quarter-finals,43000,1,0,,,,,0,0,0,0,0,0,0,0
154,271,364,5,35,Quarter-finals,23000,2,1,,,,,0,0,0,1,0,0,0,1
211,141,364,21,73,Quarter-finals,12000,3,2,,,,,0,0,0,0,0,0,0,0
358,23,364,41,71,Quarter-finals,35000,1,1,,,,,0,0,0,0,0,0,0,0
285,194,364,29,72,Quarter-finals,3000,2,1,,,,,0,0,0,0,0,0,0,0
211,69,365,21,61,Round of 16,9000,2,1,,,,,0,0,0,0,0,0,0,0
271,165,365,35,25,Round of 16,9000,4,2,,,,,0,0,0,0,0,0,0,0
154,113,365,5,28,Round of 16,16000,3,2,,,,,0,0,0,0,0,0,0,1
141,49,365,73,49,Round of 16,33000,3,2,,,,,0,0,0,0,0,0,0,0
194,93,365,72,3,Round of 16,14000,3,2,,,,,0,0,0,0,0,0,0,0
23,236,365,71,9,Round of 16,21000,3,1,,,,,0,0,0,0,0,0,1,0
285,134,365,29,6,Round of 16,8000,5,2,,,,,0,0,0,0,0,0,0,0
358,73,365,41,80,Round of 16,25000,7,1,,,,,0,0,0,0,0,0,0,0
10,104,366,81,3,Final,68346,4,2,,,,,0,0,0,0,0,0,0,0
10,53,367,81,84,Semi-finals,79867,6,1,,,,,0,0,0,0,0,0,0,0
104,50,368,3,80,Semi-finals,72886,6,1,,,,,0,0,0,0,0,0,0,0
104,130,369,3,13,Group stage,41459,3,1,,,,,0,0,0,0,0,0,0,0
10,269,370,81,61,Group stage,70022,4,0,,,,,0,0,0,0,0,0,0,0
299,350,371,9,7,Group stage,25466,4,0,,,,,0,0,0,0,0,0,0,0
183,134,371,55,6,Group stage,12000,1,0,,,,,0,0,0,0,0,0,0,0
130,304,372,13,28,Group stage,2000,1,0,,,,,0,0,0,0,0,0,0,0
104,204,372,3,47,Group stage,42100,6,3,,,,,0,0,0,0,0,0,0,1
10,102,373,81,56,Group stage,57735,1,0,,,,,0,0,0,0,0,0,0,0
53,350,374,84,7,Group stage,18306,4,0,,,,,0,0,0,0,0,0,0,0
50,183,374,80,55,Group stage,18306,3,0,,,,,0,0,0,0,0,0,0,0
130,204,375,13,47,Group stage,9249,3,0,,,,,0,0,0,0,0,0,0,0
104,304,376,3,28,Group stage,23409,1,0,,,,,0,0,0,0,0,0,0,0
53,299,377,84,9,Group stage,24059,2,1,,,,,0,0,0,0,0,0,0,0
269,102,377,61,56,Group stage,2549,3,1,,,,,0,0,0,1,0,0,0,0
50,134,378,80,6,Group stage,18346,3,0,,,,,0,0,0,0,0,0,0,0
304,204,378,28,47,Group stage,4444,4,1,,,,,0,0,0,0,0,0,0,0
